produto;produto_base;produto_original;uf;estado;praca;unidade;unidade_original;preco;preco_original;preco_formatado;data_referencia;data_referencia_inicio;data_referencia_fim;periodo_referencia;fonte;fonte_url;tipo;nivel_comercializacao;categoria;observacao
Algodão;Algodão;Algodão em Pluma;BA;Bahia;Bahia - Média estadual CONAB;Arroba (@);Arroba (@);138.67;138.67;R$ 138,67/Arroba (@);2026-10-02;2026-09-28;2026-10-02;28/09/2026 a 02/10/2026;CONAB - Produtos 360º;https://portaldeinformacoes.conab.gov.br/produtos-360.html;oficial;Produtor;commodity_agricola;Algodão coletado do CONAB Produtos 360º. Fonte principal para Soja, Milho e Algodão. Histórico de 30 dias montado pela CONAB Semanal UF para cálculo de variação.
Algodão;Algodão;Algodão em Pluma;MA;Maranhão;Maranhão - Média estadual CONAB;Arroba (@);Arroba (@);138.67;138.67;R$ 138,67/Arroba (@);2026-10-02;2026-09-28;2026-10-02;28/09/2026 a 02/10/2026;CONAB - Produtos 360º;https://portaldeinformacoes.conab.gov.br/produtos-360.html;oficial;Produtor;commodity_agricola;Algodão coletado do CONAB Produtos 360º. Fonte principal para Soja, Milho e Algodão. Histórico de 30 dias montado pela CONAB Semanal UF para cálculo de variação.
Algodão;Algodão;Algodão em Pluma;PI;Piauí;Piauí - Média estadual CONAB;Arroba (@);Arroba (@);142.0;142.0;R$ 142,00/Arroba (@);2026-10-02;2026-09-28;2026-10-02;28/09/2026 a 02/10/2026;CONAB - Produtos 360º;https://portaldeinformacoes.conab.gov.br/produtos-360.html;oficial;Produtor;commodity_agricola;Algodão coletado do CONAB Produtos 360º. Fonte principal para Soja, Milho e Algodão. Histórico de 30 dias montado pela CONAB Semanal UF para cálculo de variação.
Algodão;Algodão;Algodão em Pluma;TO;Tocantins;Tocantins - Média estadual CONAB;Arroba (@);Arroba (@);143.0;143.0;R$ 143,00/Arroba (@);2026-10-02;2026-09-28;2026-10-02;28/09/2026 a 02/10/2026;CONAB - Produtos 360º;https://portaldeinformacoes.conab.gov.br/produtos-360.html;oficial;Produtor;commodity_agricola;Algodão coletado do CONAB Produtos 360º. Fonte principal para Soja, Milho e Algodão. Histórico de 30 dias montado pela CONAB Semanal UF para cálculo de variação.
Arroz — Produtor;Arroz;ARROZ;AL;Alagoas;Média UF;Saca 60 kg;Kg;107.4;1.79;R$ 107,40/Saca 60 kg;2026-10-02;2026-09-28;2026-10-02;28/09/2026 a 02/10/2026;CONAB - Preços Agropecuários Semanal UF;https://portaldeinformacoes.conab.gov.br/downloads/arquivos/PrecosSemanalUF.txt;oficial;Produtor;commodity_agricola;Fallback CONAB Semanal usado porque o SIAGRO não retornou dado válido para este produto.
Arroz — Produtor;Arroz;ARROZ;CE;Ceará;Média UF;Saca 60 kg;Kg;88.2;1.47;R$ 88,20/Saca 60 kg;2026-10-02;2026-09-28;2026-10-02;28/09/2026 a 02/10/2026;CONAB - Preços Agropecuários Semanal UF;https://portaldeinformacoes.conab.gov.br/downloads/arquivos/PrecosSemanalUF.txt;oficial;Produtor;commodity_agricola;Fallback CONAB Semanal usado porque o SIAGRO não retornou dado válido para este produto.
Arroz — Produtor;Arroz;ARROZ;MA;Maranhão;Média UF;Saca 60 kg;Kg;104.4;1.74;R$ 104,40/Saca 60 kg;2026-10-02;2026-09-28;2026-10-02;28/09/2026 a 02/10/2026;CONAB - Preços Agropecuários Semanal UF;https://portaldeinformacoes.conab.gov.br/downloads/arquivos/PrecosSemanalUF.txt;oficial;Produtor;commodity_agricola;Fallback CONAB Semanal usado porque o SIAGRO não retornou dado válido para este produto.
Arroz — Produtor;Arroz;ARROZ;PA;Pará;Média UF;Saca 60 kg;Kg;113.4;1.89;R$ 113,40/Saca 60 kg;2026-10-02;2026-09-28;2026-10-02;28/09/2026 a 02/10/2026;CONAB - Preços Agropecuários Semanal UF;https://portaldeinformacoes.conab.gov.br/downloads/arquivos/PrecosSemanalUF.txt;oficial;Produtor;commodity_agricola;Fallback CONAB Semanal usado porque o SIAGRO não retornou dado válido para este produto.
Arroz — Produtor;Arroz;ARROZ;PI;Piauí;Média UF;Saca 60 kg;Kg;96.6;1.61;R$ 96,60/Saca 60 kg;2026-10-02;2026-09-28;2026-10-02;28/09/2026 a 02/10/2026;CONAB - Preços Agropecuários Semanal UF;https://portaldeinformacoes.conab.gov.br/downloads/arquivos/PrecosSemanalUF.txt;oficial;Produtor;commodity_agricola;Fallback CONAB Semanal usado porque o SIAGRO não retornou dado válido para este produto.
Arroz — Produtor;Arroz;ARROZ;RN;Rio Grande do Norte;Média UF;Saca 60 kg;Kg;90.0;1.5;R$ 90,00/Saca 60 kg;2026-10-02;2026-09-28;2026-10-02;28/09/2026 a 02/10/2026;CONAB - Preços Agropecuários Semanal UF;https://portaldeinformacoes.conab.gov.br/downloads/arquivos/PrecosSemanalUF.txt;oficial;Produtor;commodity_agricola;Fallback CONAB Semanal usado porque o SIAGRO não retornou dado válido para este produto.
Arroz — Produtor;Arroz;ARROZ;TO;Tocantins;Média UF;Saca 60 kg;Kg;119.4;1.99;R$ 119,40/Saca 60 kg;2026-10-02;2026-09-28;2026-10-02;28/09/2026 a 02/10/2026;CONAB - Preços Agropecuários Semanal UF;https://portaldeinformacoes.conab.gov.br/downloads/arquivos/PrecosSemanalUF.txt;oficial;Produtor;commodity_agricola;Fallback CONAB Semanal usado porque o SIAGRO não retornou dado válido para este produto.
Boi Gordo — Produtor;Boi Gordo;BOI;BA;Bahia;Média UF;Arroba (@);Kg;354.45;23.63;R$ 354,45/Arroba (@);2026-10-02;2026-09-28;2026-10-02;28/09/2026 a 02/10/2026;CONAB - Preços Agropecuários Semanal UF;https://portaldeinformacoes.conab.gov.br/downloads/arquivos/PrecosSemanalUF.txt;oficial;Produtor;pecuaria_corte;Fallback CONAB Semanal usado porque o SIAGRO não retornou dado válido para este produto.
Boi Gordo — Produtor;Boi Gordo;BOI;PA;Pará;Média UF;Arroba (@);Kg;353.25;23.55;R$ 353,25/Arroba (@);2026-10-02;2026-09-28;2026-10-02;28/09/2026 a 02/10/2026;CONAB - Preços Agropecuários Semanal UF;https://portaldeinformacoes.conab.gov.br/downloads/arquivos/PrecosSemanalUF.txt;oficial;Produtor;pecuaria_corte;Fallback CONAB Semanal usado porque o SIAGRO não retornou dado válido para este produto.
Boi Gordo — Produtor;Boi Gordo;BOI;TO;Tocantins;Média UF;Arroba (@);Kg;341.7;22.78;R$ 341,70/Arroba (@);2026-10-02;2026-09-28;2026-10-02;28/09/2026 a 02/10/2026;CONAB - Preços Agropecuários Semanal UF;https://portaldeinformacoes.conab.gov.br/downloads/arquivos/PrecosSemanalUF.txt;oficial;Produtor;pecuaria_corte;Fallback CONAB Semanal usado porque o SIAGRO não retornou dado válido para este produto.
Feijão — Produtor;Feijão;FEIJAO;BA;Bahia;Média UF;Saca 60 kg;Kg;322.8;5.38;R$ 322,80/Saca 60 kg;2026-10-02;2026-09-28;2026-10-02;28/09/2026 a 02/10/2026;CONAB - Preços Agropecuários Semanal UF;https://portaldeinformacoes.conab.gov.br/downloads/arquivos/PrecosSemanalUF.txt;oficial;Produtor;commodity_agricola;Fallback CONAB Semanal usado porque o SIAGRO não retornou dado válido para este produto.
Feijão — Produtor;Feijão;FEIJAO;CE;Ceará;Média UF;Saca 60 kg;Kg;510.0;8.5;R$ 510,00/Saca 60 kg;2026-10-02;2026-09-28;2026-10-02;28/09/2026 a 02/10/2026;CONAB - Preços Agropecuários Semanal UF;https://portaldeinformacoes.conab.gov.br/downloads/arquivos/PrecosSemanalUF.txt;oficial;Produtor;commodity_agricola;Fallback CONAB Semanal usado porque o SIAGRO não retornou dado válido para este produto.
Feijão — Produtor;Feijão;FEIJAO;MA;Maranhão;Média UF;Saca 60 kg;Kg;235.2;3.92;R$ 235,20/Saca 60 kg;2026-10-02;2026-09-28;2026-10-02;28/09/2026 a 02/10/2026;CONAB - Preços Agropecuários Semanal UF;https://portaldeinformacoes.conab.gov.br/downloads/arquivos/PrecosSemanalUF.txt;oficial;Produtor;commodity_agricola;Fallback CONAB Semanal usado porque o SIAGRO não retornou dado válido para este produto.
Feijão — Produtor;Feijão;FEIJAO;PA;Pará;Média UF;Saca 60 kg;Kg;318.0;5.3;R$ 318,00/Saca 60 kg;2026-10-02;2026-09-28;2026-10-02;28/09/2026 a 02/10/2026;CONAB - Preços Agropecuários Semanal UF;https://portaldeinformacoes.conab.gov.br/downloads/arquivos/PrecosSemanalUF.txt;oficial;Produtor;commodity_agricola;Fallback CONAB Semanal usado porque o SIAGRO não retornou dado válido para este produto.
Feijão — Produtor;Feijão;FEIJAO;PE;Pernambuco;Média UF;Saca 60 kg;Kg;287.4;4.79;R$ 287,40/Saca 60 kg;2026-10-02;2026-09-28;2026-10-02;28/09/2026 a 02/10/2026;CONAB - Preços Agropecuários Semanal UF;https://portaldeinformacoes.conab.gov.br/downloads/arquivos/PrecosSemanalUF.txt;oficial;Produtor;commodity_agricola;Fallback CONAB Semanal usado porque o SIAGRO não retornou dado válido para este produto.
Feijão — Produtor;Feijão;FEIJAO;PI;Piauí;Média UF;Saca 60 kg;Kg;351.0;5.85;R$ 351,00/Saca 60 kg;2026-10-02;2026-09-28;2026-10-02;28/09/2026 a 02/10/2026;CONAB - Preços Agropecuários Semanal UF;https://portaldeinformacoes.conab.gov.br/downloads/arquivos/PrecosSemanalUF.txt;oficial;Produtor;commodity_agricola;Fallback CONAB Semanal usado porque o SIAGRO não retornou dado válido para este produto.
Feijão — Produtor;Feijão;FEIJAO;RN;Rio Grande do Norte;Média UF;Saca 60 kg;Kg;220.2;3.67;R$ 220,20/Saca 60 kg;2026-10-02;2026-09-28;2026-10-02;28/09/2026 a 02/10/2026;CONAB - Preços Agropecuários Semanal UF;https://portaldeinformacoes.conab.gov.br/downloads/arquivos/PrecosSemanalUF.txt;oficial;Produtor;commodity_agricola;Fallback CONAB Semanal usado porque o SIAGRO não retornou dado válido para este produto.
Feijão — Produtor;Feijão;FEIJAO;SE;Sergipe;Média UF;Saca 60 kg;Kg;390.0;6.5;R$ 390,00/Saca 60 kg;2026-10-02;2026-09-28;2026-10-02;28/09/2026 a 02/10/2026;CONAB - Preços Agropecuários Semanal UF;https://portaldeinformacoes.conab.gov.br/downloads/arquivos/PrecosSemanalUF.txt;oficial;Produtor;commodity_agricola;Fallback CONAB Semanal usado porque o SIAGRO não retornou dado válido para este produto.
Feijão — Produtor;Feijão;FEIJAO;TO;Tocantins;Média UF;Saca 60 kg;Kg;150.0;2.5;R$ 150,00/Saca 60 kg;2026-10-02;2026-09-28;2026-10-02;28/09/2026 a 02/10/2026;CONAB - Preços Agropecuários Semanal UF;https://portaldeinformacoes.conab.gov.br/downloads/arquivos/PrecosSemanalUF.txt;oficial;Produtor;commodity_agricola;Fallback CONAB Semanal usado porque o SIAGRO não retornou dado válido para este produto.
Leite — Produtor;Leite;LEITE DE VACA;AL;Alagoas;Média UF;Litro;Litro;2.67;2.67;R$ 2,67/Litro;2026-10-02;2026-09-28;2026-10-02;28/09/2026 a 02/10/2026;CONAB - Preços Agropecuários Semanal UF;https://portaldeinformacoes.conab.gov.br/downloads/arquivos/PrecosSemanalUF.txt;oficial;Produtor;pecuaria_leite;Fallback CONAB Semanal usado porque o SIAGRO não retornou dado válido para este produto.
Leite — Produtor;Leite;LEITE DE CABRA;BA;Bahia;Média UF;Litro;Litro;3.91;3.91;R$ 3,91/Litro;2026-10-02;2026-09-28;2026-10-02;28/09/2026 a 02/10/2026;CONAB - Preços Agropecuários Semanal UF;https://portaldeinformacoes.conab.gov.br/downloads/arquivos/PrecosSemanalUF.txt;oficial;Produtor;pecuaria_leite;Fallback CONAB Semanal usado porque o SIAGRO não retornou dado válido para este produto.
Leite — Produtor;Leite;LEITE DE VACA;BA;Bahia;Média UF;Litro;Litro;2.46;2.46;R$ 2,46/Litro;2026-10-02;2026-09-28;2026-10-02;28/09/2026 a 02/10/2026;CONAB - Preços Agropecuários Semanal UF;https://portaldeinformacoes.conab.gov.br/downloads/arquivos/PrecosSemanalUF.txt;oficial;Produtor;pecuaria_leite;Fallback CONAB Semanal usado porque o SIAGRO não retornou dado válido para este produto.
Leite — Produtor;Leite;LEITE DE VACA;CE;Ceará;Média UF;Litro;Litro;2.34;2.34;R$ 2,34/Litro;2026-10-02;2026-09-28;2026-10-02;28/09/2026 a 02/10/2026;CONAB - Preços Agropecuários Semanal UF;https://portaldeinformacoes.conab.gov.br/downloads/arquivos/PrecosSemanalUF.txt;oficial;Produtor;pecuaria_leite;Fallback CONAB Semanal usado porque o SIAGRO não retornou dado válido para este produto.
Leite — Produtor;Leite;LEITE DE VACA;MA;Maranhão;Média UF;Litro;Litro;2.32;2.32;R$ 2,32/Litro;2026-10-02;2026-09-28;2026-10-02;28/09/2026 a 02/10/2026;CONAB - Preços Agropecuários Semanal UF;https://portaldeinformacoes.conab.gov.br/downloads/arquivos/PrecosSemanalUF.txt;oficial;Produtor;pecuaria_leite;Fallback CONAB Semanal usado porque o SIAGRO não retornou dado válido para este produto.
Leite — Produtor;Leite;LEITE DE VACA;PA;Pará;Média UF;Litro;Litro;2.35;2.35;R$ 2,35/Litro;2026-10-02;2026-09-28;2026-10-02;28/09/2026 a 02/10/2026;CONAB - Preços Agropecuários Semanal UF;https://portaldeinformacoes.conab.gov.br/downloads/arquivos/PrecosSemanalUF.txt;oficial;Produtor;pecuaria_leite;Fallback CONAB Semanal usado porque o SIAGRO não retornou dado válido para este produto.
Leite — Produtor;Leite;LEITE DE CABRA;PB;Paraíba;Média UF;Litro;Litro;4.29;4.29;R$ 4,29/Litro;2026-10-02;2026-09-28;2026-10-02;28/09/2026 a 02/10/2026;CONAB - Preços Agropecuários Semanal UF;https://portaldeinformacoes.conab.gov.br/downloads/arquivos/PrecosSemanalUF.txt;oficial;Produtor;pecuaria_leite;Fallback CONAB Semanal usado porque o SIAGRO não retornou dado válido para este produto.
Leite — Produtor;Leite;LEITE DE VACA;PB;Paraíba;Média UF;Litro;Litro;3.3;3.3;R$ 3,30/Litro;2026-10-02;2026-09-28;2026-10-02;28/09/2026 a 02/10/2026;CONAB - Preços Agropecuários Semanal UF;https://portaldeinformacoes.conab.gov.br/downloads/arquivos/PrecosSemanalUF.txt;oficial;Produtor;pecuaria_leite;Fallback CONAB Semanal usado porque o SIAGRO não retornou dado válido para este produto.
Leite — Produtor;Leite;LEITE DE CABRA;PE;Pernambuco;Média UF;Litro;Litro;3.48;3.48;R$ 3,48/Litro;2026-10-02;2026-09-28;2026-10-02;28/09/2026 a 02/10/2026;CONAB - Preços Agropecuários Semanal UF;https://portaldeinformacoes.conab.gov.br/downloads/arquivos/PrecosSemanalUF.txt;oficial;Produtor;pecuaria_leite;Fallback CONAB Semanal usado porque o SIAGRO não retornou dado válido para este produto.
Leite — Produtor;Leite;LEITE DE VACA;PE;Pernambuco;Média UF;Litro;Litro;2.55;2.55;R$ 2,55/Litro;2026-10-02;2026-09-28;2026-10-02;28/09/2026 a 02/10/2026;CONAB - Preços Agropecuários Semanal UF;https://portaldeinformacoes.conab.gov.br/downloads/arquivos/PrecosSemanalUF.txt;oficial;Produtor;pecuaria_leite;Fallback CONAB Semanal usado porque o SIAGRO não retornou dado válido para este produto.
Leite — Produtor;Leite;LEITE DE VACA;PI;Piauí;Média UF;Litro;Litro;2.45;2.45;R$ 2,45/Litro;2026-10-02;2026-09-28;2026-10-02;28/09/2026 a 02/10/2026;CONAB - Preços Agropecuários Semanal UF;https://portaldeinformacoes.conab.gov.br/downloads/arquivos/PrecosSemanalUF.txt;oficial;Produtor;pecuaria_leite;Fallback CONAB Semanal usado porque o SIAGRO não retornou dado válido para este produto.
Leite — Produtor;Leite;LEITE DE CABRA;RN;Rio Grande do Norte;Média UF;Litro;Litro;3.67;3.67;R$ 3,67/Litro;2026-10-02;2026-09-28;2026-10-02;28/09/2026 a 02/10/2026;CONAB - Preços Agropecuários Semanal UF;https://portaldeinformacoes.conab.gov.br/downloads/arquivos/PrecosSemanalUF.txt;oficial;Produtor;pecuaria_leite;Fallback CONAB Semanal usado porque o SIAGRO não retornou dado válido para este produto.
Leite — Produtor;Leite;LEITE DE VACA;RN;Rio Grande do Norte;Média UF;Litro;Litro;2.79;2.79;R$ 2,79/Litro;2026-10-02;2026-09-28;2026-10-02;28/09/2026 a 02/10/2026;CONAB - Preços Agropecuários Semanal UF;https://portaldeinformacoes.conab.gov.br/downloads/arquivos/PrecosSemanalUF.txt;oficial;Produtor;pecuaria_leite;Fallback CONAB Semanal usado porque o SIAGRO não retornou dado válido para este produto.
Leite — Produtor;Leite;LEITE DE VACA;SE;Sergipe;Média UF;Litro;Litro;2.62;2.62;R$ 2,62/Litro;2026-10-02;2026-09-28;2026-10-02;28/09/2026 a 02/10/2026;CONAB - Preços Agropecuários Semanal UF;https://portaldeinformacoes.conab.gov.br/downloads/arquivos/PrecosSemanalUF.txt;oficial;Produtor;pecuaria_leite;Fallback CONAB Semanal usado porque o SIAGRO não retornou dado válido para este produto.
Leite — Produtor;Leite;LEITE DE VACA;TO;Tocantins;Média UF;Litro;Litro;2.4;2.4;R$ 2,40/Litro;2026-10-02;2026-09-28;2026-10-02;28/09/2026 a 02/10/2026;CONAB - Preços Agropecuários Semanal UF;https://portaldeinformacoes.conab.gov.br/downloads/arquivos/PrecosSemanalUF.txt;oficial;Produtor;pecuaria_leite;Fallback CONAB Semanal usado porque o SIAGRO não retornou dado válido para este produto.
Milho;Milho;Milho;BA;Bahia;Bahia - Média estadual CONAB;Saca 60 kg;Saca 60 kg;65.95;65.95;R$ 65,95/Saca 60 kg;2026-10-02;2026-09-28;2026-10-02;28/09/2026 a 02/10/2026;CONAB - Produtos 360º;https://portaldeinformacoes.conab.gov.br/produtos-360.html;oficial;Produtor;commodity_agricola;Milho coletado do CONAB Produtos 360º. Fonte principal para Soja, Milho e Algodão. Histórico de 30 dias montado pela CONAB Semanal UF para cálculo de variação.
Milho;Milho;Milho;CE;Ceará;Ceará - Média estadual CONAB;Saca 60 kg;Saca 60 kg;75.39;75.39;R$ 75,39/Saca 60 kg;2026-10-02;2026-09-28;2026-10-02;28/09/2026 a 02/10/2026;CONAB - Produtos 360º;https://portaldeinformacoes.conab.gov.br/produtos-360.html;oficial;Produtor;commodity_agricola;Milho coletado do CONAB Produtos 360º. Fonte principal para Soja, Milho e Algodão. Histórico de 30 dias montado pela CONAB Semanal UF para cálculo de variação.
Milho;Milho;Milho;MA;Maranhão;Maranhão - Média estadual CONAB;Saca 60 kg;Saca 60 kg;66.8;66.8;R$ 66,80/Saca 60 kg;2026-10-02;2026-09-28;2026-10-02;28/09/2026 a 02/10/2026;CONAB - Produtos 360º;https://portaldeinformacoes.conab.gov.br/produtos-360.html;oficial;Produtor;commodity_agricola;Milho coletado do CONAB Produtos 360º. Fonte principal para Soja, Milho e Algodão. Histórico de 30 dias montado pela CONAB Semanal UF para cálculo de variação.
Milho;Milho;Milho;PA;Pará;Pará - Média estadual CONAB;Saca 60 kg;Saca 60 kg;60.54;60.54;R$ 60,54/Saca 60 kg;2026-10-02;2026-09-28;2026-10-02;28/09/2026 a 02/10/2026;CONAB - Produtos 360º;https://portaldeinformacoes.conab.gov.br/produtos-360.html;oficial;Produtor;commodity_agricola;Milho coletado do CONAB Produtos 360º. Fonte principal para Soja, Milho e Algodão. Histórico de 30 dias montado pela CONAB Semanal UF para cálculo de variação.
Milho;Milho;Milho;PE;Pernambuco;Pernambuco - Média estadual CONAB;Saca 60 kg;Saca 60 kg;95.14;95.14;R$ 95,14/Saca 60 kg;2026-10-02;2026-09-28;2026-10-02;28/09/2026 a 02/10/2026;CONAB - Produtos 360º;https://portaldeinformacoes.conab.gov.br/produtos-360.html;oficial;Produtor;commodity_agricola;Milho coletado do CONAB Produtos 360º. Fonte principal para Soja, Milho e Algodão. Histórico de 30 dias montado pela CONAB Semanal UF para cálculo de variação.
Milho;Milho;Milho;PI;Piauí;Piauí - Média estadual CONAB;Saca 60 kg;Saca 60 kg;69.55;69.55;R$ 69,55/Saca 60 kg;2026-10-02;2026-09-28;2026-10-02;28/09/2026 a 02/10/2026;CONAB - Produtos 360º;https://portaldeinformacoes.conab.gov.br/produtos-360.html;oficial;Produtor;commodity_agricola;Milho coletado do CONAB Produtos 360º. Fonte principal para Soja, Milho e Algodão. Histórico de 30 dias montado pela CONAB Semanal UF para cálculo de variação.
Milho;Milho;Milho;RN;Rio Grande do Norte;Rio Grande do Norte - Média estadual CONAB;Saca 60 kg;Saca 60 kg;71.74;71.74;R$ 71,74/Saca 60 kg;2026-10-02;2026-09-28;2026-10-02;28/09/2026 a 02/10/2026;CONAB - Produtos 360º;https://portaldeinformacoes.conab.gov.br/produtos-360.html;oficial;Produtor;commodity_agricola;Milho coletado do CONAB Produtos 360º. Fonte principal para Soja, Milho e Algodão. Histórico de 30 dias montado pela CONAB Semanal UF para cálculo de variação.
Milho;Milho;Milho;SE;Sergipe;Sergipe - Média estadual CONAB;Saca 60 kg;Saca 60 kg;74.0;74.0;R$ 74,00/Saca 60 kg;2026-10-02;2026-09-28;2026-10-02;28/09/2026 a 02/10/2026;CONAB - Produtos 360º;https://portaldeinformacoes.conab.gov.br/produtos-360.html;oficial;Produtor;commodity_agricola;Milho coletado do CONAB Produtos 360º. Fonte principal para Soja, Milho e Algodão. Histórico de 30 dias montado pela CONAB Semanal UF para cálculo de variação.
Milho;Milho;Milho;TO;Tocantins;Tocantins - Média estadual CONAB;Saca 60 kg;Saca 60 kg;58.3;58.3;R$ 58,30/Saca 60 kg;2026-10-02;2026-09-28;2026-10-02;28/09/2026 a 02/10/2026;CONAB - Produtos 360º;https://portaldeinformacoes.conab.gov.br/produtos-360.html;oficial;Produtor;commodity_agricola;Milho coletado do CONAB Produtos 360º. Fonte principal para Soja, Milho e Algodão. Histórico de 30 dias montado pela CONAB Semanal UF para cálculo de variação.
Soja;Soja;Soja;BA;Bahia;Bahia - Média estadual CONAB;Saca 60 kg;Saca 60 kg;145.5;145.5;R$ 145,50/Saca 60 kg;2026-10-02;2026-09-28;2026-10-02;28/09/2026 a 02/10/2026;CONAB - Produtos 360º;https://portaldeinformacoes.conab.gov.br/produtos-360.html;oficial;Produtor;commodity_agricola;Soja coletado do CONAB Produtos 360º. Fonte principal para Soja, Milho e Algodão. Histórico de 30 dias montado pela CONAB Semanal UF para cálculo de variação.
Soja;Soja;Soja;MA;Maranhão;Maranhão - Média estadual CONAB;Saca 60 kg;Saca 60 kg;145.81;145.81;R$ 145,81/Saca 60 kg;2026-10-02;2026-09-28;2026-10-02;28/09/2026 a 02/10/2026;CONAB - Produtos 360º;https://portaldeinformacoes.conab.gov.br/produtos-360.html;oficial;Produtor;commodity_agricola;Soja coletado do CONAB Produtos 360º. Fonte principal para Soja, Milho e Algodão. Histórico de 30 dias montado pela CONAB Semanal UF para cálculo de variação.
Soja;Soja;Soja;PA;Pará;Pará - Média estadual CONAB;Saca 60 kg;Saca 60 kg;133.12;133.12;R$ 133,12/Saca 60 kg;2026-10-02;2026-09-28;2026-10-02;28/09/2026 a 02/10/2026;CONAB - Produtos 360º;https://portaldeinformacoes.conab.gov.br/produtos-360.html;oficial;Produtor;commodity_agricola;Soja coletado do CONAB Produtos 360º. Fonte principal para Soja, Milho e Algodão. Histórico de 30 dias montado pela CONAB Semanal UF para cálculo de variação.
Soja;Soja;Soja;PI;Piauí;Piauí - Média estadual CONAB;Saca 60 kg;Saca 60 kg;145.63;145.63;R$ 145,63/Saca 60 kg;2026-10-02;2026-09-28;2026-10-02;28/09/2026 a 02/10/2026;CONAB - Produtos 360º;https://portaldeinformacoes.conab.gov.br/produtos-360.html;oficial;Produtor;commodity_agricola;Soja coletado do CONAB Produtos 360º. Fonte principal para Soja, Milho e Algodão. Histórico de 30 dias montado pela CONAB Semanal UF para cálculo de variação.
Soja;Soja;Soja;TO;Tocantins;Tocantins - Média estadual CONAB;Saca 60 kg;Saca 60 kg;139.44;139.44;R$ 139,44/Saca 60 kg;2026-10-02;2026-09-28;2026-10-02;28/09/2026 a 02/10/2026;CONAB - Produtos 360º;https://portaldeinformacoes.conab.gov.br/produtos-360.html;oficial;Produtor;commodity_agricola;Soja coletado do CONAB Produtos 360º. Fonte principal para Soja, Milho e Algodão. Histórico de 30 dias montado pela CONAB Semanal UF para cálculo de variação.
Sorgo — Produtor;Sorgo;Sorgo Granífero - Em Grãos;BA;Bahia;Bahia - Média estadual CONAB;Saca 60 kg;Kg;51.0;0.85;R$ 51,00/Saca 60 kg;2026-10-02;2026-09-28;2026-10-02;28/09/2026 a 02/10/2026;CONAB - Preços Agropecuários Painel SIAGRO;https://portaldeinformacoes.conab.gov.br/precos-agropecuarios.html;oficial;Produtor;commodity_agricola;Sorgo Granífero - Em Grãos coletado no painel CONAB Preços Agropecuários via CDA /home/SIAGRO/PrecoMedio.cda / RankingPrecoMedioUF. Valor original em R$/kg convertido para Saca 60 kg. Histórico de 30 dias montado pela CONAB Semanal UF para cálculo de variação.
Sorgo — Produtor;Sorgo;Sorgo Granífero - Em Grãos;PI;Piauí;Piauí - Média estadual CONAB;Saca 60 kg;Kg;54.0;0.9;R$ 54,00/Saca 60 kg;2026-10-02;2026-09-28;2026-10-02;28/09/2026 a 02/10/2026;CONAB - Preços Agropecuários Painel SIAGRO;https://portaldeinformacoes.conab.gov.br/precos-agropecuarios.html;oficial;Produtor;commodity_agricola;Sorgo Granífero - Em Grãos coletado no painel CONAB Preços Agropecuários via CDA /home/SIAGRO/PrecoMedio.cda / RankingPrecoMedioUF. Valor original em R$/kg convertido para Saca 60 kg. Histórico de 30 dias montado pela CONAB Semanal UF para cálculo de variação.
Sorgo — Produtor;Sorgo;Sorgo Granífero - Em Grãos;TO;Tocantins;Tocantins - Média estadual CONAB;Saca 60 kg;Kg;45.0;0.75;R$ 45,00/Saca 60 kg;2026-10-02;2026-09-28;2026-10-02;28/09/2026 a 02/10/2026;CONAB - Preços Agropecuários Painel SIAGRO;https://portaldeinformacoes.conab.gov.br/precos-agropecuarios.html;oficial;Produtor;commodity_agricola;Sorgo Granífero - Em Grãos coletado no painel CONAB Preços Agropecuários via CDA /home/SIAGRO/PrecoMedio.cda / RankingPrecoMedioUF. Valor original em R$/kg convertido para Saca 60 kg. Histórico de 30 dias montado pela CONAB Semanal UF para cálculo de variação.
Algodão;Algodão;Algodão Pluma;BA;Bahia;Oeste da Bahia - AIBA;Arroba (@);Arroba (@);135.33;135.33;R$ 135,33/Arroba (@);2026-10-09;2026-10-09;2026-10-09;09/10/2026;AIBA;https://aiba.org.br/cotacoes/;regional;Regional;commodity_agricola;
Arroz — Regional;Arroz;Arroz em Casca;BA;Bahia;Oeste da Bahia - AIBA;Saca 60 kg;Saca 60 kg;107.5;107.5;R$ 107,50/Saca 60 kg;2026-10-09;2026-10-09;2026-10-09;09/10/2026;AIBA;https://aiba.org.br/cotacoes/;regional;Regional;commodity_agricola;
Feijão — Regional;Feijão;Feijão Carioca;BA;Bahia;Oeste da Bahia - AIBA;Saca 60 kg;Saca 60 kg;310.0;310.0;R$ 310,00/Saca 60 kg;2026-10-09;2026-10-09;2026-10-09;09/10/2026;AIBA;https://aiba.org.br/cotacoes/;regional;Regional;commodity_agricola;
Milho;Milho;Milho;BA;Bahia;Oeste da Bahia - AIBA;Saca 60 kg;Saca 60 kg;61.0;61.0;R$ 61,00/Saca 60 kg;2026-10-09;2026-10-09;2026-10-09;09/10/2026;AIBA;https://aiba.org.br/cotacoes/;regional;Regional;commodity_agricola;
Soja;Soja;Soja Disponível;BA;Bahia;Oeste da Bahia - AIBA;Saca 60 kg;Saca 60 kg;142.0;142.0;R$ 142,00/Saca 60 kg;2026-10-09;2026-10-09;2026-10-09;09/10/2026;AIBA;https://aiba.org.br/cotacoes/;regional;Regional;commodity_agricola;
Sorgo — Regional;Sorgo;Sorgo;BA;Bahia;Oeste da Bahia - AIBA;Saca 60 kg;Saca 60 kg;50.75;50.75;R$ 50,75/Saca 60 kg;2026-10-09;2026-10-09;2026-10-09;09/10/2026;AIBA;https://aiba.org.br/cotacoes/;regional;Regional;commodity_agricola;
